{"errorCode":0,"errorMessage":"","result":{"graph":[{"interval":201612,"G":317,"R":3,"Y":2,"UNKNOWN":0},{"interval":201611,"G":302,"R":2,"Y":4,"UNKNOWN":0},{"interval":201610,"G":365,"R":6,"Y":2,"UNKNOWN":0},{"interval":201609,"G":370,"R":3,"Y":3,"UNKNOWN":0},{"interval":201608,"G":379,"R":1,"Y":4,"UNKNOWN":0},{"interval":201607,"G":449,"R":8,"Y":1,"UNKNOWN":0},{"interval":201606,"G":407,"R":4,"Y":1,"UNKNOWN":0},{"interval":201605,"G":372,"R":0,"Y":5,"UNKNOWN":0},{"interval":201604,"G":438,"R":3,"Y":3,"UNKNOWN":0},{"interval":201603,"G":380,"R":0,"Y":3,"UNKNOWN":0},{"interval":201602,"G":366,"R":2,"Y":3,"UNKNOWN":0},{"interval":201601,"G":440,"R":1,"Y":3,"UNKNOWN":0}],"drillOptions":[{"hierarchy":"H1","optionLabel":"Africa","shortname":"Africa"},{"hierarchy":"H1","optionLabel":"Europe","shortname":"Europe"},{"hierarchy":"H1","optionLabel":"Global - regional groups","shortname":"Global - regional groups"},{"hierarchy":"H1","optionLabel":"Latin America","shortname":"Latin America"},{"hierarchy":"H1","optionLabel":"NAMET & RUB","shortname":"NAMET & RUB"},{"hierarchy":"H1","optionLabel":"North America","shortname":"North America"},{"hierarchy":"H1","optionLabel":"North Asia","shortname":"North Asia"},{"hierarchy":"H1","optionLabel":"SEAA (SE Asia - Australia)","shortname":"SEAA (SE Asia - Australia)"},{"hierarchy":"H1","optionLabel":"SEAA (SE Asia - Australia) T","shortname":"SEAA (SE Asia - Australia) T"},{"hierarchy":"H1","optionLabel":"South Asia","shortname":"South Asia"}],"custom1":[{"dummyKey":"Process201612","header":"Process","interval":201612,"data":[{"H3":"Bill to Cash","G":26,"R":0,"Y":0,"UNKNOWN":0,"treemapdata":[{"name":"Bill to Cash","children":[{"name":"Bill to Cash:G","size":26}]}]},{"H3":"Helpdesk","G":157,"R":3,"Y":2,"UNKNOWN":0,"treemapdata":[{"name":"Helpdesk","children":[{"name":"Helpdesk:G","size":157},{"name":"Helpdesk:R","size":3},{"name":"Helpdesk:Y","size":2}]}]},{"H3":"Record to Report","G":102,"R":0,"Y":0,"UNKNOWN":0,"treemapdata":[{"name":"Record to Report","children":[{"name":"Record to Report:G","size":102}]}]},{"H3":"T&E","G":32,"R":0,"Y":0,"UNKNOWN":0,"treemapdata":[{"name":"T&E","children":[{"name":"T&E:G","size":32}]}]}]},{"dummyKey":"Process201611","header":"Process","interval":201611,"data":[{"H3":"Bill to Cash","G":23,"R":1,"Y":2,"UNKNOWN":0,"treemapdata":[{"name":"Bill to Cash","children":[{"name":"Bill to Cash:G","size":23},{"name":"Bill to Cash:R","size":1},{"name":"Bill to Cash:Y","size":2}]}]},{"H3":"Helpdesk","G":145,"R":1,"Y":2,"UNKNOWN":0,"treemapdata":[{"name":"Helpdesk","children":[{"name":"Helpdesk:G","size":145},{"name":"Helpdesk:R","size":1},{"name":"Helpdesk:Y","size":2}]}]},{"H3":"Record to Report","G":102,"R":0,"Y":0,"UNKNOWN":0,"treemapdata":[{"name":"Record to Report","children":[{"name":"Record to Report:G","size":102}]}]},{"H3":"T&E","G":32,"R":0,"Y":0,"UNKNOWN":0,"treemapdata":[{"name":"T&E","children":[{"name":"T&E:G","size":32}]}]}]},{"dummyKey":"Process201610","header":"Process","interval":201610,"data":[{"H3":"Bill to Cash","G":23,"R":2,"Y":1,"UNKNOWN":0,"treemapdata":[{"name":"Bill to Cash","children":[{"name":"Bill to Cash:G","size":23},{"name":"Bill to Cash:R","size":2},{"name":"Bill to Cash:Y","size":1}]}]},{"H3":"Helpdesk","G":147,"R":3,"Y":0,"UNKNOWN":0,"treemapdata":[{"name":"Helpdesk","children":[{"name":"Helpdesk:G","size":147},{"name":"Helpdesk:R","size":3}]}]},{"H3":"Procure","G":62,"R":1,"Y":1,"UNKNOWN":0,"treemapdata":[{"name":"Procure","children":[{"name":"Procure:G","size":62},{"name":"Procure:R","size":1},{"name":"Procure:Y","size":1}]}]},{"H3":"Record to Report","G":102,"R":0,"Y":0,"UNKNOWN":0,"treemapdata":[{"name":"Record to Report","children":[{"name":"Record to Report:G","size":102}]}]},{"H3":"T&E","G":31,"R":0,"Y":0,"UNKNOWN":0,"treemapdata":[{"name":"T&E","children":[{"name":"T&E:G","size":31}]}]}]},{"dummyKey":"Process201609","header":"Process","interval":201609,"data":[{"H3":"Bill to Cash","G":24,"R":1,"Y":1,"UNKNOWN":0,"treemapdata":[{"name":"Bill to Cash","children":[{"name":"Bill to Cash:G","size":24},{"name":"Bill to Cash:R","size":1},{"name":"Bill to Cash:Y","size":1}]}]},{"H3":"Helpdesk","G":158,"R":2,"Y":2,"UNKNOWN":0,"treemapdata":[{"name":"Helpdesk","children":[{"name":"Helpdesk:G","size":158},{"name":"Helpdesk:R","size":2},{"name":"Helpdesk:Y","size":2}]}]},{"H3":"Procure","G":54,"R":0,"Y":0,"UNKNOWN":0,"treemapdata":[{"name":"Procure","children":[{"name":"Procure:G","size":54}]}]},{"H3":"Record to Report","G":102,"R":0,"Y":0,"UNKNOWN":0,"treemapdata":[{"name":"Record to Report","children":[{"name":"Record to Report:G","size":102}]}]},{"H3":"T&E","G":32,"R":0,"Y":0,"UNKNOWN":0,"treemapdata":[{"name":"T&E","children":[{"name":"T&E:G","size":32}]}]}]},{"dummyKey":"Process201608","header":"Process","interval":201608,"data":[{"H3":"Bill to Cash","G":24,"R":0,"Y":2,"UNKNOWN":0,"treemapdata":[{"name":"Bill to Cash","children":[{"name":"Bill to Cash:G","size":24},{"name":"Bill to Cash:Y","size":2}]}]},{"H3":"Helpdesk","G":147,"R":1,"Y":2,"UNKNOWN":0,"treemapdata":[{"name":"Helpdesk","children":[{"name":"Helpdesk:G","size":147},{"name":"Helpdesk:R","size":1},{"name":"Helpdesk:Y","size":2}]}]},{"H3":"Procure","G":77,"R":0,"Y":0,"UNKNOWN":0,"treemapdata":[{"name":"Procure","children":[{"name":"Procure:G","size":77}]}]},{"H3":"Record to Report","G":99,"R":0,"Y":0,"UNKNOWN":0,"treemapdata":[{"name":"Record to Report","children":[{"name":"Record to Report:G","size":99}]}]},{"H3":"T&E","G":32,"R":0,"Y":0,"UNKNOWN":0,"treemapdata":[{"name":"T&E","children":[{"name":"T&E:G","size":32}]}]}]},{"dummyKey":"Process201607","header":"Process","interval":201607,"data":[{"H3":"Bill to Cash","G":24,"R":1,"Y":1,"UNKNOWN":0,"treemapdata":[{"name":"Bill to Cash","children":[{"name":"Bill to Cash:G","size":24},{"name":"Bill to Cash:R","size":1},{"name":"Bill to Cash:Y","size":1}]}]},{"H3":"Helpdesk","G":147,"R":3,"Y":0,"UNKNOWN":0,"treemapdata":[{"name":"Helpdesk","children":[{"name":"Helpdesk:G","size":147},{"name":"Helpdesk:R","size":3}]}]},{"H3":"Procure","G":148,"R":3,"Y":0,"UNKNOWN":0,"treemapdata":[{"name":"Procure","children":[{"name":"Procure:G","size":148},{"name":"Procure:R","size":3}]}]},{"H3":"Record to Report","G":98,"R":1,"Y":0,"UNKNOWN":0,"treemapdata":[{"name":"Record to Report","children":[{"name":"Record to Report:G","size":98},{"name":"Record to Report:R","size":1}]}]},{"H3":"T&E","G":32,"R":0,"Y":0,"UNKNOWN":0,"treemapdata":[{"name":"T&E","children":[{"name":"T&E:G","size":32}]}]}]},{"dummyKey":"Process201606","header":"Process","interval":201606,"data":[{"H3":"Bill to Cash","G":23,"R":2,"Y":1,"UNKNOWN":0,"treemapdata":[{"name":"Bill to Cash","children":[{"name":"Bill to Cash:G","size":23},{"name":"Bill to Cash:R","size":2},{"name":"Bill to Cash:Y","size":1}]}]},{"H3":"Helpdesk","G":163,"R":1,"Y":0,"UNKNOWN":0,"treemapdata":[{"name":"Helpdesk","children":[{"name":"Helpdesk:G","size":163},{"name":"Helpdesk:R","size":1}]}]},{"H3":"Procure","G":91,"R":0,"Y":0,"UNKNOWN":0,"treemapdata":[{"name":"Procure","children":[{"name":"Procure:G","size":91}]}]},{"H3":"Record to Report","G":98,"R":1,"Y":0,"UNKNOWN":0,"treemapdata":[{"name":"Record to Report","children":[{"name":"Record to Report:G","size":98},{"name":"Record to Report:R","size":1}]}]},{"H3":"T&E","G":32,"R":0,"Y":0,"UNKNOWN":0,"treemapdata":[{"name":"T&E","children":[{"name":"T&E:G","size":32}]}]}]},{"dummyKey":"Process201605","header":"Process","interval":201605,"data":[{"H3":"Bill to Cash","G":23,"R":0,"Y":3,"UNKNOWN":0,"treemapdata":[{"name":"Bill to Cash","children":[{"name":"Bill to Cash:G","size":23},{"name":"Bill to Cash:Y","size":3}]}]},{"H3":"Helpdesk","G":154,"R":0,"Y":2,"UNKNOWN":0,"treemapdata":[{"name":"Helpdesk","children":[{"name":"Helpdesk:G","size":154},{"name":"Helpdesk:Y","size":2}]}]},{"H3":"Procure","G":64,"R":0,"Y":0,"UNKNOWN":0,"treemapdata":[{"name":"Procure","children":[{"name":"Procure:G","size":64}]}]},{"H3":"Record to Report","G":99,"R":0,"Y":0,"UNKNOWN":0,"treemapdata":[{"name":"Record to Report","children":[{"name":"Record to Report:G","size":99}]}]},{"H3":"T&E","G":32,"R":0,"Y":0,"UNKNOWN":0,"treemapdata":[{"name":"T&E","children":[{"name":"T&E:G","size":32}]}]}]},{"dummyKey":"Process201604","header":"Process","interval":201604,"data":[{"H3":"Bill to Cash","G":24,"R":0,"Y":2,"UNKNOWN":0,"treemapdata":[{"name":"Bill to Cash","children":[{"name":"Bill to Cash:G","size":24},{"name":"Bill to Cash:Y","size":2}]}]},{"H3":"Helpdesk","G":150,"R":1,"Y":1,"UNKNOWN":0,"treemapdata":[{"name":"Helpdesk","children":[{"name":"Helpdesk:G","size":150},{"name":"Helpdesk:R","size":1},{"name":"Helpdesk:Y","size":1}]}]},{"H3":"Procure","G":134,"R":1,"Y":0,"UNKNOWN":0,"treemapdata":[{"name":"Procure","children":[{"name":"Procure:G","size":134},{"name":"Procure:R","size":1}]}]},{"H3":"Record to Report","G":98,"R":1,"Y":0,"UNKNOWN":0,"treemapdata":[{"name":"Record to Report","children":[{"name":"Record to Report:G","size":98},{"name":"Record to Report:R","size":1}]}]},{"H3":"T&E","G":32,"R":0,"Y":0,"UNKNOWN":0,"treemapdata":[{"name":"T&E","children":[{"name":"T&E:G","size":32}]}]}]},{"dummyKey":"Process201603","header":"Process","interval":201603,"data":[{"H3":"Bill to Cash","G":24,"R":0,"Y":2,"UNKNOWN":0,"treemapdata":[{"name":"Bill to Cash","children":[{"name":"Bill to Cash:G","size":24},{"name":"Bill to Cash:Y","size":2}]}]},{"H3":"Helpdesk","G":163,"R":0,"Y":1,"UNKNOWN":0,"treemapdata":[{"name":"Helpdesk","children":[{"name":"Helpdesk:G","size":163},{"name":"Helpdesk:Y","size":1}]}]},{"H3":"Procure","G":62,"R":0,"Y":0,"UNKNOWN":0,"treemapdata":[{"name":"Procure","children":[{"name":"Procure:G","size":62}]}]},{"H3":"Record to Report","G":99,"R":0,"Y":0,"UNKNOWN":0,"treemapdata":[{"name":"Record to Report","children":[{"name":"Record to Report:G","size":99}]}]},{"H3":"T&E","G":32,"R":0,"Y":0,"UNKNOWN":0,"treemapdata":[{"name":"T&E","children":[{"name":"T&E:G","size":32}]}]}]},{"dummyKey":"Process201602","header":"Process","interval":201602,"data":[{"H3":"Bill to Cash","G":25,"R":1,"Y":0,"UNKNOWN":0,"treemapdata":[{"name":"Bill to Cash","children":[{"name":"Bill to Cash:G","size":25},{"name":"Bill to Cash:R","size":1}]}]},{"H3":"Helpdesk","G":148,"R":1,"Y":3,"UNKNOWN":0,"treemapdata":[{"name":"Helpdesk","children":[{"name":"Helpdesk:G","size":148},{"name":"Helpdesk:R","size":1},{"name":"Helpdesk:Y","size":3}]}]},{"H3":"Procure","G":62,"R":0,"Y":0,"UNKNOWN":0,"treemapdata":[{"name":"Procure","children":[{"name":"Procure:G","size":62}]}]},{"H3":"Record to Report","G":99,"R":0,"Y":0,"UNKNOWN":0,"treemapdata":[{"name":"Record to Report","children":[{"name":"Record to Report:G","size":99}]}]},{"H3":"T&E","G":32,"R":0,"Y":0,"UNKNOWN":0,"treemapdata":[{"name":"T&E","children":[{"name":"T&E:G","size":32}]}]}]},{"dummyKey":"Process201601","header":"Process","interval":201601,"data":[{"H3":"Bill to Cash","G":24,"R":0,"Y":2,"UNKNOWN":0,"treemapdata":[{"name":"Bill to Cash","children":[{"name":"Bill to Cash:G","size":24},{"name":"Bill to Cash:Y","size":2}]}]},{"H3":"Helpdesk","G":149,"R":1,"Y":0,"UNKNOWN":0,"treemapdata":[{"name":"Helpdesk","children":[{"name":"Helpdesk:G","size":149},{"name":"Helpdesk:R","size":1}]}]},{"H3":"Procure","G":136,"R":0,"Y":1,"UNKNOWN":0,"treemapdata":[{"name":"Procure","children":[{"name":"Procure:G","size":136},{"name":"Procure:Y","size":1}]}]},{"H3":"Record to Report","G":99,"R":0,"Y":0,"UNKNOWN":0,"treemapdata":[{"name":"Record to Report","children":[{"name":"Record to Report:G","size":99}]}]},{"H3":"T&E","G":32,"R":0,"Y":0,"UNKNOWN":0,"treemapdata":[{"name":"T&E","children":[{"name":"T&E:G","size":32}]}]}]}],"approverAggreg":[{"status":"G","approverData":[{"N":0},{"U":0}]},{"status":"R","approverData":[{"N":0},{"U":0}]},{"status":"Y","approverData":[{"N":0},{"U":0}]}],"approverBreakDownOptions":[{"H3":"EMPTY","G":0,"R":0,"Y":0,"UNKNOWN":0,"EMPTY":0,"header":"EMPTY"}],"approverGraphData":[{"interval":201612,"G":535,"R":3,"Y":2,"LG":0,"LR":0,"LY":0},{"interval":201611,"G":513,"R":2,"Y":5,"LG":0,"LR":0,"LY":0},{"interval":201610,"G":614,"R":8,"Y":3,"LG":0,"LR":0,"LY":0},{"interval":201609,"G":636,"R":4,"Y":3,"LG":0,"LR":0,"LY":0},{"interval":201608,"G":641,"R":1,"Y":5,"LG":0,"LR":0,"LY":0},{"interval":201607,"G":752,"R":10,"Y":2,"LG":0,"LR":0,"LY":0},{"interval":201606,"G":673,"R":4,"Y":2,"LG":0,"LR":0,"LY":0},{"interval":201605,"G":627,"R":0,"Y":6,"LG":0,"LR":0,"LY":0},{"interval":201604,"G":734,"R":4,"Y":4,"LG":0,"LR":0,"LY":0},{"interval":201603,"G":645,"R":0,"Y":3,"LG":0,"LR":0,"LY":0},{"interval":201602,"G":619,"R":4,"Y":3,"LG":0,"LR":0,"LY":0},{"interval":201601,"G":741,"R":1,"Y":4,"LG":0,"LR":0,"LY":0}],"dashStackedGraphData":[{"interval":200001,"G":"98.94","R":"0.52","Y":"0.54","UNKNOWN":0},{"interval":200002,"G":"99.26","R":"0.25","Y":"0.50","UNKNOWN":0},{"interval":200003,"G":"99.03","R":"0.39","Y":"0.58","UNKNOWN":0},{"interval":200004,"G":"98.78","R":"0.73","Y":"0.49","UNKNOWN":0},{"interval":200005,"G":"98.64","R":"0.77","Y":"0.59","UNKNOWN":0},{"interval":201601,"G":"99.33","R":"0.13","Y":"0.54","UNKNOWN":0},{"interval":201602,"G":"98.88","R":"0.64","Y":"0.48","UNKNOWN":0},{"interval":201603,"G":"99.54","R":0,"Y":"0.46","UNKNOWN":0},{"interval":201604,"G":"98.92","R":"0.54","Y":"0.54","UNKNOWN":0},{"interval":201605,"G":"99.05","R":0,"Y":"0.95","UNKNOWN":0},{"interval":201606,"G":"99.12","R":"0.59","Y":"0.29","UNKNOWN":0},{"interval":201607,"G":"98.43","R":"1.31","Y":"0.26","UNKNOWN":0},{"interval":201608,"G":"99.07","R":"0.15","Y":"0.77","UNKNOWN":0},{"interval":201609,"G":"98.91","R":"0.62","Y":"0.47","UNKNOWN":0},{"interval":201610,"G":"98.24","R":"1.28","Y":"0.48","UNKNOWN":0},{"interval":201611,"G":"98.65","R":"0.38","Y":"0.96","UNKNOWN":0},{"interval":201612,"G":"99.07","R":"0.56","Y":"0.37","UNKNOWN":0}],"drillStackedGraphData":[{"interval":201612,"data":[{"label":"Africa","G":"100","R":0,"Y":0,"UNKNOWN":0},{"label":"Global - regional groups","G":"100","R":0,"Y":0,"UNKNOWN":0},{"label":"North America","G":"100","R":0,"Y":0,"UNKNOWN":0},{"label":"North Asia","G":"100","R":0,"Y":0,"UNKNOWN":0},{"label":"SEAA (SE Asia - Australia)","G":"100","R":0,"Y":0,"UNKNOWN":0},{"label":"South Asia","G":"100","R":0,"Y":0,"UNKNOWN":0},{"label":"SEAA (SE Asia - Australia) T","G":"100","R":0,"Y":0,"UNKNOWN":0},{"label":"Europe","G":"99","R":"1","Y":"0","UNKNOWN":0},{"label":"Latin America","G":"98","R":0,"Y":"2","UNKNOWN":0},{"label":"NAMET & RUB","G":"96","R":"4","Y":0,"UNKNOWN":0}]},{"interval":201611,"data":[{"label":"Africa","G":"100","R":0,"Y":0,"UNKNOWN":0},{"label":"Global - regional groups","G":"100","R":0,"Y":0,"UNKNOWN":0},{"label":"NAMET & RUB","G":"100","R":0,"Y":0,"UNKNOWN":0},{"label":"North America","G":"100","R":0,"Y":0,"UNKNOWN":0},{"label":"North Asia","G":"100","R":0,"Y":0,"UNKNOWN":0},{"label":"SEAA (SE Asia - Australia)","G":"100","R":0,"Y":0,"UNKNOWN":0},{"label":"South Asia","G":"100","R":0,"Y":0,"UNKNOWN":0},{"label":"SEAA (SE Asia - Australia) T","G":"100","R":0,"Y":0,"UNKNOWN":0},{"label":"Europe","G":"98","R":"1","Y":"1","UNKNOWN":0},{"label":"Latin America","G":"96","R":0,"Y":"4","UNKNOWN":0}]},{"interval":201610,"data":[{"label":"Africa","G":"100","R":0,"Y":0,"UNKNOWN":0},{"label":"Global - regional groups","G":"100","R":0,"Y":0,"UNKNOWN":0},{"label":"NAMET & RUB","G":"100","R":0,"Y":0,"UNKNOWN":0},{"label":"North America","G":"100","R":0,"Y":0,"UNKNOWN":0},{"label":"North Asia","G":"100","R":0,"Y":0,"UNKNOWN":0},{"label":"SEAA (SE Asia - Australia)","G":"100","R":0,"Y":0,"UNKNOWN":0},{"label":"South Asia","G":"100","R":0,"Y":0,"UNKNOWN":0},{"label":"SEAA (SE Asia - Australia) T","G":"100","R":0,"Y":0,"UNKNOWN":0},{"label":"Europe","G":"97","R":"2","Y":"1","UNKNOWN":0},{"label":"Latin America","G":"96","R":"4","Y":0,"UNKNOWN":0}]},{"interval":201609,"data":[{"label":"Africa","G":"100","R":0,"Y":0,"UNKNOWN":0},{"label":"Global - regional groups","G":"100","R":0,"Y":0,"UNKNOWN":0},{"label":"NAMET & RUB","G":"100","R":0,"Y":0,"UNKNOWN":0},{"label":"North America","G":"100","R":0,"Y":0,"UNKNOWN":0},{"label":"North Asia","G":"100","R":0,"Y":0,"UNKNOWN":0},{"label":"SEAA (SE Asia - Australia)","G":"100","R":0,"Y":0,"UNKNOWN":0},{"label":"South Asia","G":"100","R":0,"Y":0,"UNKNOWN":0},{"label":"SEAA (SE Asia - Australia) T","G":"100","R":0,"Y":0,"UNKNOWN":0},{"label":"Europe","G":"99","R":"1","Y":"0","UNKNOWN":0},{"label":"Latin America","G":"94","R":"3","Y":"3","UNKNOWN":0}]},{"interval":201608,"data":[{"label":"Africa","G":"100","R":0,"Y":0,"UNKNOWN":0},{"label":"Global - regional groups","G":"100","R":0,"Y":0,"UNKNOWN":0},{"label":"NAMET & RUB","G":"100","R":0,"Y":0,"UNKNOWN":0},{"label":"North Asia","G":"100","R":0,"Y":0,"UNKNOWN":0},{"label":"South Asia","G":"100","R":0,"Y":0,"UNKNOWN":0},{"label":"SEAA (SE Asia - Australia) T","G":"100","R":0,"Y":0,"UNKNOWN":0},{"label":"Europe","G":"99","R":0,"Y":"1","UNKNOWN":0},{"label":"Latin America","G":"99","R":"1","Y":0,"UNKNOWN":0},{"label":"SEAA (SE Asia - Australia)","G":"98","R":0,"Y":"2","UNKNOWN":0},{"label":"North America","G":"97","R":0,"Y":"3","UNKNOWN":0}]},{"interval":201607,"data":[{"label":"Africa","G":"100","R":0,"Y":0,"UNKNOWN":0},{"label":"NAMET & RUB","G":"100","R":0,"Y":0,"UNKNOWN":0},{"label":"North America","G":"100","R":0,"Y":0,"UNKNOWN":0},{"label":"North Asia","G":"100","R":0,"Y":0,"UNKNOWN":0},{"label":"SEAA (SE Asia - Australia)","G":"100","R":0,"Y":0,"UNKNOWN":0},{"label":"SEAA (SE Asia - Australia) T","G":"100","R":0,"Y":0,"UNKNOWN":0},{"label":"Europe","G":"98","R":"1","Y":"1","UNKNOWN":0},{"label":"Global - regional groups","G":"97","R":"3","Y":0,"UNKNOWN":0},{"label":"Latin America","G":"97","R":"3","Y":0,"UNKNOWN":0},{"label":"South Asia","G":"97","R":"3","Y":0,"UNKNOWN":0}]},{"interval":201606,"data":[{"label":"Africa","G":"100","R":0,"Y":0,"UNKNOWN":0},{"label":"Global - regional groups","G":"100","R":0,"Y":0,"UNKNOWN":0},{"label":"Latin America","G":"100","R":0,"Y":0,"UNKNOWN":0},{"label":"North America","G":"100","R":0,"Y":0,"UNKNOWN":0},{"label":"North Asia","G":"100","R":0,"Y":0,"UNKNOWN":0},{"label":"SEAA (SE Asia - Australia)","G":"100","R":0,"Y":0,"UNKNOWN":0},{"label":"South Asia","G":"100","R":0,"Y":0,"UNKNOWN":0},{"label":"Europe","G":"98","R":"1","Y":"1","UNKNOWN":0},{"label":"NAMET & RUB","G":"98","R":"2","Y":0,"UNKNOWN":0}]},{"interval":201605,"data":[{"label":"Africa","G":"100","R":0,"Y":0,"UNKNOWN":0},{"label":"Global - regional groups","G":"100","R":0,"Y":0,"UNKNOWN":0},{"label":"North America","G":"100","R":0,"Y":0,"UNKNOWN":0},{"label":"North Asia","G":"100","R":0,"Y":0,"UNKNOWN":0},{"label":"SEAA (SE Asia - Australia)","G":"100","R":0,"Y":0,"UNKNOWN":0},{"label":"South Asia","G":"100","R":0,"Y":0,"UNKNOWN":0},{"label":"Latin America","G":"99","R":0,"Y":"1","UNKNOWN":0},{"label":"Europe","G":"98","R":0,"Y":"2","UNKNOWN":0},{"label":"NAMET & RUB","G":"97","R":0,"Y":"3","UNKNOWN":0}]},{"interval":201604,"data":[{"label":"Africa","G":"100","R":0,"Y":0,"UNKNOWN":0},{"label":"North America","G":"100","R":0,"Y":0,"UNKNOWN":0},{"label":"North Asia","G":"100","R":0,"Y":0,"UNKNOWN":0},{"label":"SEAA (SE Asia - Australia)","G":"100","R":0,"Y":0,"UNKNOWN":0},{"label":"South Asia","G":"100","R":0,"Y":0,"UNKNOWN":0},{"label":"Europe","G":"99","R":"0","Y":"1","UNKNOWN":0},{"label":"NAMET & RUB","G":"98","R":0,"Y":"2","UNKNOWN":0},{"label":"Latin America","G":"98","R":"1","Y":"1","UNKNOWN":0},{"label":"Global - regional groups","G":"98","R":"2","Y":0,"UNKNOWN":0}]},{"interval":201603,"data":[{"label":"Africa","G":"100","R":0,"Y":0,"UNKNOWN":0},{"label":"Global - regional groups","G":"100","R":0,"Y":0,"UNKNOWN":0},{"label":"NAMET & RUB","G":"100","R":0,"Y":0,"UNKNOWN":0},{"label":"North America","G":"100","R":0,"Y":0,"UNKNOWN":0},{"label":"North Asia","G":"100","R":0,"Y":0,"UNKNOWN":0},{"label":"SEAA (SE Asia - Australia)","G":"100","R":0,"Y":0,"UNKNOWN":0},{"label":"South Asia","G":"100","R":0,"Y":0,"UNKNOWN":0},{"label":"Europe","G":"99","R":0,"Y":"1","UNKNOWN":0},{"label":"Latin America","G":"99","R":0,"Y":"1","UNKNOWN":0}]},{"interval":201602,"data":[{"label":"Africa","G":"100","R":0,"Y":0,"UNKNOWN":0},{"label":"NAMET & RUB","G":"100","R":0,"Y":0,"UNKNOWN":0},{"label":"North America","G":"100","R":0,"Y":0,"UNKNOWN":0},{"label":"North Asia","G":"100","R":0,"Y":0,"UNKNOWN":0},{"label":"SEAA (SE Asia - Australia)","G":"100","R":0,"Y":0,"UNKNOWN":0},{"label":"South Asia","G":"100","R":0,"Y":0,"UNKNOWN":0},{"label":"Europe","G":"99","R":"1","Y":"0","UNKNOWN":0},{"label":"Latin America","G":"97","R":0,"Y":"3","UNKNOWN":0},{"label":"Global - regional groups","G":"97","R":"3","Y":0,"UNKNOWN":0}]},{"interval":201601,"data":[{"label":"Africa","G":"100","R":0,"Y":0,"UNKNOWN":0},{"label":"Global - regional groups","G":"100","R":0,"Y":0,"UNKNOWN":0},{"label":"NAMET & RUB","G":"100","R":0,"Y":0,"UNKNOWN":0},{"label":"North America","G":"100","R":0,"Y":0,"UNKNOWN":0},{"label":"North Asia","G":"100","R":0,"Y":0,"UNKNOWN":0},{"label":"SEAA (SE Asia - Australia)","G":"100","R":0,"Y":0,"UNKNOWN":0},{"label":"South Asia","G":"100","R":0,"Y":0,"UNKNOWN":0},{"label":"Europe","G":"99","R":0,"Y":"1","UNKNOWN":0},{"label":"Latin America","G":"97","R":"1","Y":"2","UNKNOWN":0}]}],"allDrillStackedGraphData":[{"interval":201601,"G":"99.33","R":"0.13","Y":"0.54","UNKNOWN":0},{"interval":201602,"G":"98.88","R":"0.64","Y":"0.48","UNKNOWN":0},{"interval":201603,"G":"99.54","R":0,"Y":"0.46","UNKNOWN":0},{"interval":201604,"G":"98.92","R":"0.54","Y":"0.54","UNKNOWN":0},{"interval":201605,"G":"99.05","R":0,"Y":"0.95","UNKNOWN":0},{"interval":201606,"G":"99.12","R":"0.59","Y":"0.29","UNKNOWN":0},{"interval":201607,"G":"98.43","R":"1.31","Y":"0.26","UNKNOWN":0},{"interval":201608,"G":"99.07","R":"0.15","Y":"0.77","UNKNOWN":0},{"interval":201609,"G":"98.91","R":"0.62","Y":"0.47","UNKNOWN":0},{"interval":201610,"G":"98.24","R":"1.28","Y":"0.48","UNKNOWN":0},{"interval":201611,"G":"98.65","R":"0.38","Y":"0.96","UNKNOWN":0},{"interval":201612,"G":"99.07","R":"0.56","Y":"0.37","UNKNOWN":0}]}}