{"errorCode":0,"errorMessage":"","result":[{"metricKey":17,"metricGroupName":"HD-03 - Speed to answer","valueType":"Percentage","drillPath":"Africa|MCO ESA|Kenya|Helpdesk","facts":[{"interval":201612,"factKey":659444,"target":null,"min":0.8000,"current":1.0000,"status":"G","trend":"U      ","comments":[{"commentTimestamp":"2017-05-22","userName":"admin","commentContent":"This is a test comment","attachmentKey":"4|5","fileName":"$3DA5584C6F9866E0.jpg|test.jpg","commentKey":"45","commentUserKey":"20981","commentUserName":"admin","attachmentUserKey":"20981|20981","attachmentUserName":"admin|admin"},{"commentTimestamp":"2017-04-19","userName":"admin","commentContent":"test_comment2","attachmentKey":"8","fileName":"test_text.txt","commentKey":"47","commentUserKey":"20981","commentUserName":"admin","attachmentUserKey":"20981","attachmentUserName":"admin"},{"commentTimestamp":"2017-04-19","userName":"admin","commentContent":"testcomment","attachmentKey":"6","fileName":"test_text.txt","commentKey":"46","commentUserKey":"20981","commentUserName":"admin","attachmentUserKey":"20981","attachmentUserName":"admin"},{"commentTimestamp":"2017-04-18","userName":"admin","commentContent":"rteetetetre","attachmentKey":"3","fileName":"$3DA5584C6F9866E0.jpg","commentKey":"44","commentUserKey":"20981","commentUserName":"admin","attachmentUserKey":"20981","attachmentUserName":"admin"},{"commentTimestamp":"2017-04-18","userName":"admin","commentContent":"test","attachmentKey":"2","fileName":"ssss (1).txt","commentKey":"43","commentUserKey":"20981","commentUserName":"admin","attachmentUserKey":"20981","attachmentUserName":"admin"},{"commentTimestamp":"2017-04-18","userName":"admin","commentContent":"attachment","attachmentKey":"","fileName":"","commentKey":"42","commentUserKey":"20981","commentUserName":"admin","attachmentUserKey":null,"attachmentUserName":null},{"commentTimestamp":"2017-04-18","userName":"admin","commentContent":"dssd","attachmentKey":"","fileName":"","commentKey":"41","commentUserKey":"20981","commentUserName":"admin","attachmentUserKey":null,"attachmentUserName":null}]},{"interval":201611,"factKey":674362,"target":null,"min":0.8000,"current":0.9794,"status":"G","trend":"U      ","comments":[]},{"interval":201610,"factKey":676164,"target":null,"min":0.8000,"current":0.9784,"status":"G","trend":"D      ","comments":[]},{"interval":201609,"factKey":653923,"target":null,"min":0.8000,"current":0.9929,"status":"G","trend":"U      ","comments":[]},{"interval":201608,"factKey":665333,"target":null,"min":0.8000,"current":0.9760,"status":"G","trend":"U      ","comments":[]},{"interval":201607,"factKey":668439,"target":null,"min":0.8000,"current":0.9657,"status":"G","trend":"D      ","comments":[]},{"interval":201606,"factKey":657974,"target":null,"min":0.8000,"current":0.9816,"status":"G","trend":"D      ","comments":[]},{"interval":201605,"factKey":675946,"target":null,"min":0.8000,"current":0.9872,"status":"G","trend":"U      ","comments":[]},{"interval":201604,"factKey":666715,"target":null,"min":0.8000,"current":0.9785,"status":"G","trend":"U      ","comments":[]},{"interval":201603,"factKey":647658,"target":null,"min":0.8000,"current":0.9612,"status":"G","trend":"D      ","comments":[]},{"interval":201602,"factKey":645755,"target":null,"min":0.8000,"current":1.0000,"status":"G","trend":"S      ","comments":[]},{"interval":201601,"factKey":661189,"target":null,"min":0.8000,"current":1.0000,"status":"G","trend":"UNKNOWN","comments":[]}]}]}