{"errorCode":0,"errorMessage":"","result":{"name":"Global","data":[{"interval":"201612","children":[{"name":"Bill to Cash","children":[{"name":"Green ","children":[{"name":"G:26","value":26}]}]},{"name":"Helpdesk","children":[{"name":"Green ","children":[{"name":"G:157","value":157}]},{"name":"Red   ","children":[{"name":"R:3","value":3}]},{"name":"Yellow","children":[{"name":"Y:2","value":2}]}]},{"name":"Record to Report","children":[{"name":"Green ","children":[{"name":"G:102","value":102}]}]},{"name":"T&E","children":[{"name":"Green ","children":[{"name":"G:32","value":32}]}]}]},{"interval":"201611","children":[{"name":"Bill to Cash","children":[{"name":"Green ","children":[{"name":"G:23","value":23}]},{"name":"Red   ","children":[{"name":"R:1","value":1}]},{"name":"Yellow","children":[{"name":"Y:2","value":2}]}]},{"name":"Helpdesk","children":[{"name":"Green ","children":[{"name":"G:145","value":145}]},{"name":"Red   ","children":[{"name":"R:1","value":1}]},{"name":"Yellow","children":[{"name":"Y:2","value":2}]}]},{"name":"Record to Report","children":[{"name":"Green ","children":[{"name":"G:102","value":102}]}]},{"name":"T&E","children":[{"name":"Green ","children":[{"name":"G:32","value":32}]}]}]},{"interval":"201610","children":[{"name":"Bill to Cash","children":[{"name":"Green ","children":[{"name":"G:23","value":23}]},{"name":"Red   ","children":[{"name":"R:2","value":2}]},{"name":"Yellow","children":[{"name":"Y:1","value":1}]}]},{"name":"Helpdesk","children":[{"name":"Green ","children":[{"name":"G:147","value":147}]},{"name":"Red   ","children":[{"name":"R:3","value":3}]}]},{"name":"Procure","children":[{"name":"Green ","children":[{"name":"G:62","value":62}]},{"name":"Red   ","children":[{"name":"R:1","value":1}]},{"name":"Yellow","children":[{"name":"Y:1","value":1}]}]},{"name":"Record to Report","children":[{"name":"Green ","children":[{"name":"G:102","value":102}]}]},{"name":"T&E","children":[{"name":"Green ","children":[{"name":"G:31","value":31}]}]}]},{"interval":"201609","children":[{"name":"Bill to Cash","children":[{"name":"Green ","children":[{"name":"G:24","value":24}]},{"name":"Red   ","children":[{"name":"R:1","value":1}]},{"name":"Yellow","children":[{"name":"Y:1","value":1}]}]},{"name":"Helpdesk","children":[{"name":"Green ","children":[{"name":"G:158","value":158}]},{"name":"Red   ","children":[{"name":"R:2","value":2}]},{"name":"Yellow","children":[{"name":"Y:2","value":2}]}]},{"name":"Procure","children":[{"name":"Green ","children":[{"name":"G:54","value":54}]}]},{"name":"Record to Report","children":[{"name":"Green ","children":[{"name":"G:102","value":102}]}]},{"name":"T&E","children":[{"name":"Green ","children":[{"name":"G:32","value":32}]}]}]},{"interval":"201608","children":[{"name":"Bill to Cash","children":[{"name":"Green ","children":[{"name":"G:24","value":24}]},{"name":"Yellow","children":[{"name":"Y:2","value":2}]}]},{"name":"Helpdesk","children":[{"name":"Green ","children":[{"name":"G:147","value":147}]},{"name":"Red   ","children":[{"name":"R:1","value":1}]},{"name":"Yellow","children":[{"name":"Y:2","value":2}]}]},{"name":"Procure","children":[{"name":"Green ","children":[{"name":"G:77","value":77}]}]},{"name":"Record to Report","children":[{"name":"Green ","children":[{"name":"G:99","value":99}]}]},{"name":"T&E","children":[{"name":"Green ","children":[{"name":"G:32","value":32}]}]}]},{"interval":"201607","children":[{"name":"Bill to Cash","children":[{"name":"Green ","children":[{"name":"G:24","value":24}]},{"name":"Red   ","children":[{"name":"R:1","value":1}]},{"name":"Yellow","children":[{"name":"Y:1","value":1}]}]},{"name":"Helpdesk","children":[{"name":"Green ","children":[{"name":"G:147","value":147}]},{"name":"Red   ","children":[{"name":"R:3","value":3}]}]},{"name":"Procure","children":[{"name":"Green ","children":[{"name":"G:148","value":148}]},{"name":"Red   ","children":[{"name":"R:3","value":3}]}]},{"name":"Record to Report","children":[{"name":"Green ","children":[{"name":"G:98","value":98}]},{"name":"Red   ","children":[{"name":"R:1","value":1}]}]},{"name":"T&E","children":[{"name":"Green ","children":[{"name":"G:32","value":32}]}]}]},{"interval":"201606","children":[{"name":"Bill to Cash","children":[{"name":"Green ","children":[{"name":"G:23","value":23}]},{"name":"Red   ","children":[{"name":"R:2","value":2}]},{"name":"Yellow","children":[{"name":"Y:1","value":1}]}]},{"name":"Helpdesk","children":[{"name":"Green ","children":[{"name":"G:163","value":163}]},{"name":"Red   ","children":[{"name":"R:1","value":1}]}]},{"name":"Procure","children":[{"name":"Green ","children":[{"name":"G:91","value":91}]}]},{"name":"Record to Report","children":[{"name":"Green ","children":[{"name":"G:98","value":98}]},{"name":"Red   ","children":[{"name":"R:1","value":1}]}]},{"name":"T&E","children":[{"name":"Green ","children":[{"name":"G:32","value":32}]}]}]},{"interval":"201605","children":[{"name":"Bill to Cash","children":[{"name":"Green ","children":[{"name":"G:23","value":23}]},{"name":"Yellow","children":[{"name":"Y:3","value":3}]}]},{"name":"Helpdesk","children":[{"name":"Green ","children":[{"name":"G:154","value":154}]},{"name":"Yellow","children":[{"name":"Y:2","value":2}]}]},{"name":"Procure","children":[{"name":"Green ","children":[{"name":"G:64","value":64}]}]},{"name":"Record to Report","children":[{"name":"Green ","children":[{"name":"G:99","value":99}]}]},{"name":"T&E","children":[{"name":"Green ","children":[{"name":"G:32","value":32}]}]}]},{"interval":"201604","children":[{"name":"Bill to Cash","children":[{"name":"Green ","children":[{"name":"G:24","value":24}]},{"name":"Yellow","children":[{"name":"Y:2","value":2}]}]},{"name":"Helpdesk","children":[{"name":"Green ","children":[{"name":"G:150","value":150}]},{"name":"Red   ","children":[{"name":"R:1","value":1}]},{"name":"Yellow","children":[{"name":"Y:1","value":1}]}]},{"name":"Procure","children":[{"name":"Green ","children":[{"name":"G:134","value":134}]},{"name":"Red   ","children":[{"name":"R:1","value":1}]}]},{"name":"Record to Report","children":[{"name":"Green ","children":[{"name":"G:98","value":98}]},{"name":"Red   ","children":[{"name":"R:1","value":1}]}]},{"name":"T&E","children":[{"name":"Green ","children":[{"name":"G:32","value":32}]}]}]},{"interval":"201603","children":[{"name":"Bill to Cash","children":[{"name":"Green ","children":[{"name":"G:24","value":24}]},{"name":"Yellow","children":[{"name":"Y:2","value":2}]}]},{"name":"Helpdesk","children":[{"name":"Green ","children":[{"name":"G:163","value":163}]},{"name":"Yellow","children":[{"name":"Y:1","value":1}]}]},{"name":"Procure","children":[{"name":"Green ","children":[{"name":"G:62","value":62}]}]},{"name":"Record to Report","children":[{"name":"Green ","children":[{"name":"G:99","value":99}]}]},{"name":"T&E","children":[{"name":"Green ","children":[{"name":"G:32","value":32}]}]}]},{"interval":"201602","children":[{"name":"Bill to Cash","children":[{"name":"Green ","children":[{"name":"G:25","value":25}]},{"name":"Red   ","children":[{"name":"R:1","value":1}]}]},{"name":"Helpdesk","children":[{"name":"Green ","children":[{"name":"G:148","value":148}]},{"name":"Red   ","children":[{"name":"R:1","value":1}]},{"name":"Yellow","children":[{"name":"Y:3","value":3}]}]},{"name":"Procure","children":[{"name":"Green ","children":[{"name":"G:62","value":62}]}]},{"name":"Record to Report","children":[{"name":"Green ","children":[{"name":"G:99","value":99}]}]},{"name":"T&E","children":[{"name":"Green ","children":[{"name":"G:32","value":32}]}]}]},{"interval":"201601","children":[{"name":"Bill to Cash","children":[{"name":"Green ","children":[{"name":"G:24","value":24}]},{"name":"Yellow","children":[{"name":"Y:2","value":2}]}]},{"name":"Helpdesk","children":[{"name":"Green ","children":[{"name":"G:149","value":149}]},{"name":"Red   ","children":[{"name":"R:1","value":1}]}]},{"name":"Procure","children":[{"name":"Green ","children":[{"name":"G:136","value":136}]},{"name":"Yellow","children":[{"name":"Y:1","value":1}]}]},{"name":"Record to Report","children":[{"name":"Green ","children":[{"name":"G:99","value":99}]}]},{"name":"T&E","children":[{"name":"Green ","children":[{"name":"G:32","value":32}]}]}]}]}}