{"errorCode":0,"errorMessage":"","result":{"geoDrillCountData":[{"interval":"201612","geoData":[{"hierarchyName":"Africa","G":12,"R":0,"Y":0,"UNKNOWN":0},{"hierarchyName":"Europe","G":157,"R":2,"Y":1,"UNKNOWN":0},{"hierarchyName":"Global - regional groups","G":48,"R":0,"Y":0,"UNKNOWN":0},{"hierarchyName":"Latin America","G":39,"R":0,"Y":1,"UNKNOWN":0},{"hierarchyName":"NAMET & RUB","G":17,"R":1,"Y":0,"UNKNOWN":0},{"hierarchyName":"North America","G":12,"R":0,"Y":0,"UNKNOWN":0},{"hierarchyName":"North Asia","G":6,"R":0,"Y":0,"UNKNOWN":0},{"hierarchyName":"SEAA (SE Asia - Australia)","G":18,"R":0,"Y":0,"UNKNOWN":0},{"hierarchyName":"South Asia","G":8,"R":0,"Y":0,"UNKNOWN":0}]},{"interval":"201611","geoData":[{"hierarchyName":"Africa","G":12,"R":0,"Y":0,"UNKNOWN":0},{"hierarchyName":"Europe","G":146,"R":2,"Y":2,"UNKNOWN":0},{"hierarchyName":"Global - regional groups","G":44,"R":0,"Y":0,"UNKNOWN":0},{"hierarchyName":"Latin America","G":38,"R":0,"Y":2,"UNKNOWN":0},{"hierarchyName":"NAMET & RUB","G":16,"R":0,"Y":0,"UNKNOWN":0},{"hierarchyName":"North America","G":12,"R":0,"Y":0,"UNKNOWN":0},{"hierarchyName":"North Asia","G":8,"R":0,"Y":0,"UNKNOWN":0},{"hierarchyName":"SEAA (SE Asia - Australia)","G":18,"R":0,"Y":0,"UNKNOWN":0},{"hierarchyName":"South Asia","G":8,"R":0,"Y":0,"UNKNOWN":0}]},{"interval":"201610","geoData":[{"hierarchyName":"Africa","G":17,"R":0,"Y":0,"UNKNOWN":0},{"hierarchyName":"Europe","G":165,"R":3,"Y":2,"UNKNOWN":0},{"hierarchyName":"Global - regional groups","G":50,"R":0,"Y":0,"UNKNOWN":0},{"hierarchyName":"Latin America","G":51,"R":3,"Y":0,"UNKNOWN":0},{"hierarchyName":"NAMET & RUB","G":20,"R":0,"Y":0,"UNKNOWN":0},{"hierarchyName":"North America","G":14,"R":0,"Y":0,"UNKNOWN":0},{"hierarchyName":"North Asia","G":10,"R":0,"Y":0,"UNKNOWN":0},{"hierarchyName":"SEAA (SE Asia - Australia)","G":26,"R":0,"Y":0,"UNKNOWN":0},{"hierarchyName":"South Asia","G":12,"R":0,"Y":0,"UNKNOWN":0}]},{"interval":"201609","geoData":[{"hierarchyName":"Africa","G":19,"R":0,"Y":0,"UNKNOWN":0},{"hierarchyName":"Europe","G":176,"R":1,"Y":1,"UNKNOWN":0},{"hierarchyName":"Global - regional groups","G":50,"R":0,"Y":0,"UNKNOWN":0},{"hierarchyName":"Latin America","G":50,"R":2,"Y":2,"UNKNOWN":0},{"hierarchyName":"NAMET & RUB","G":17,"R":0,"Y":0,"UNKNOWN":0},{"hierarchyName":"North America","G":13,"R":0,"Y":0,"UNKNOWN":0},{"hierarchyName":"North Asia","G":9,"R":0,"Y":0,"UNKNOWN":0},{"hierarchyName":"SEAA (SE Asia - Australia)","G":23,"R":0,"Y":0,"UNKNOWN":0},{"hierarchyName":"South Asia","G":13,"R":0,"Y":0,"UNKNOWN":0}]},{"interval":"201608","geoData":[{"hierarchyName":"Africa","G":20,"R":0,"Y":0,"UNKNOWN":0},{"hierarchyName":"Europe","G":173,"R":0,"Y":2,"UNKNOWN":0},{"hierarchyName":"Global - regional groups","G":51,"R":0,"Y":0,"UNKNOWN":0},{"hierarchyName":"Latin America","G":55,"R":1,"Y":0,"UNKNOWN":0},{"hierarchyName":"NAMET & RUB","G":21,"R":0,"Y":0,"UNKNOWN":0},{"hierarchyName":"North America","G":13,"R":0,"Y":1,"UNKNOWN":0},{"hierarchyName":"North Asia","G":10,"R":0,"Y":0,"UNKNOWN":0},{"hierarchyName":"SEAA (SE Asia - Australia)","G":23,"R":0,"Y":1,"UNKNOWN":0},{"hierarchyName":"South Asia","G":13,"R":0,"Y":0,"UNKNOWN":0}]},{"interval":"201607","geoData":[{"hierarchyName":"Africa","G":24,"R":0,"Y":0,"UNKNOWN":0},{"hierarchyName":"Europe","G":190,"R":3,"Y":1,"UNKNOWN":0},{"hierarchyName":"Global - regional groups","G":50,"R":1,"Y":0,"UNKNOWN":0},{"hierarchyName":"Latin America","G":82,"R":3,"Y":0,"UNKNOWN":0},{"hierarchyName":"NAMET & RUB","G":24,"R":0,"Y":0,"UNKNOWN":0},{"hierarchyName":"North America","G":17,"R":0,"Y":0,"UNKNOWN":0},{"hierarchyName":"North Asia","G":12,"R":0,"Y":0,"UNKNOWN":0},{"hierarchyName":"SEAA (SE Asia - Australia)","G":34,"R":0,"Y":0,"UNKNOWN":0},{"hierarchyName":"South Asia","G":16,"R":1,"Y":0,"UNKNOWN":0}]},{"interval":"201606","geoData":[{"hierarchyName":"Africa","G":23,"R":0,"Y":0,"UNKNOWN":0},{"hierarchyName":"Europe","G":188,"R":3,"Y":1,"UNKNOWN":0},{"hierarchyName":"Global - regional groups","G":50,"R":0,"Y":0,"UNKNOWN":0},{"hierarchyName":"Latin America","G":58,"R":0,"Y":0,"UNKNOWN":0},{"hierarchyName":"NAMET & RUB","G":25,"R":1,"Y":0,"UNKNOWN":0},{"hierarchyName":"North America","G":13,"R":0,"Y":0,"UNKNOWN":0},{"hierarchyName":"North Asia","G":10,"R":0,"Y":0,"UNKNOWN":0},{"hierarchyName":"SEAA (SE Asia - Australia)","G":27,"R":0,"Y":0,"UNKNOWN":0},{"hierarchyName":"South Asia","G":13,"R":0,"Y":0,"UNKNOWN":0}]},{"interval":"201605","geoData":[{"hierarchyName":"Africa","G":18,"R":0,"Y":0,"UNKNOWN":0},{"hierarchyName":"Europe","G":166,"R":0,"Y":3,"UNKNOWN":0},{"hierarchyName":"Global - regional groups","G":44,"R":0,"Y":0,"UNKNOWN":0},{"hierarchyName":"Latin America","G":58,"R":0,"Y":1,"UNKNOWN":0},{"hierarchyName":"NAMET & RUB","G":23,"R":0,"Y":1,"UNKNOWN":0},{"hierarchyName":"North America","G":14,"R":0,"Y":0,"UNKNOWN":0},{"hierarchyName":"North Asia","G":10,"R":0,"Y":0,"UNKNOWN":0},{"hierarchyName":"SEAA (SE Asia - Australia)","G":26,"R":0,"Y":0,"UNKNOWN":0},{"hierarchyName":"South Asia","G":13,"R":0,"Y":0,"UNKNOWN":0}]},{"interval":"201604","geoData":[{"hierarchyName":"Africa","G":24,"R":0,"Y":0,"UNKNOWN":0},{"hierarchyName":"Europe","G":192,"R":1,"Y":2,"UNKNOWN":0},{"hierarchyName":"Global - regional groups","G":47,"R":1,"Y":0,"UNKNOWN":0},{"hierarchyName":"Latin America","G":68,"R":1,"Y":0,"UNKNOWN":0},{"hierarchyName":"NAMET & RUB","G":26,"R":0,"Y":1,"UNKNOWN":0},{"hierarchyName":"North America","G":16,"R":0,"Y":0,"UNKNOWN":0},{"hierarchyName":"North Asia","G":12,"R":0,"Y":0,"UNKNOWN":0},{"hierarchyName":"SEAA (SE Asia - Australia)","G":36,"R":0,"Y":0,"UNKNOWN":0},{"hierarchyName":"South Asia","G":17,"R":0,"Y":0,"UNKNOWN":0}]},{"interval":"201603","geoData":[{"hierarchyName":"Africa","G":17,"R":0,"Y":0,"UNKNOWN":0},{"hierarchyName":"Europe","G":176,"R":0,"Y":2,"UNKNOWN":0},{"hierarchyName":"Global - regional groups","G":48,"R":0,"Y":0,"UNKNOWN":0},{"hierarchyName":"Latin America","G":53,"R":0,"Y":1,"UNKNOWN":0},{"hierarchyName":"NAMET & RUB","G":22,"R":0,"Y":0,"UNKNOWN":0},{"hierarchyName":"North America","G":16,"R":0,"Y":0,"UNKNOWN":0},{"hierarchyName":"North Asia","G":10,"R":0,"Y":0,"UNKNOWN":0},{"hierarchyName":"SEAA (SE Asia - Australia)","G":25,"R":0,"Y":0,"UNKNOWN":0},{"hierarchyName":"South Asia","G":13,"R":0,"Y":0,"UNKNOWN":0}]},{"interval":"201602","geoData":[{"hierarchyName":"Africa","G":18,"R":0,"Y":0,"UNKNOWN":0},{"hierarchyName":"Europe","G":166,"R":2,"Y":1,"UNKNOWN":0},{"hierarchyName":"Global - regional groups","G":43,"R":0,"Y":0,"UNKNOWN":0},{"hierarchyName":"Latin America","G":55,"R":0,"Y":2,"UNKNOWN":0},{"hierarchyName":"NAMET & RUB","G":24,"R":0,"Y":0,"UNKNOWN":0},{"hierarchyName":"North America","G":15,"R":0,"Y":0,"UNKNOWN":0},{"hierarchyName":"North Asia","G":10,"R":0,"Y":0,"UNKNOWN":0},{"hierarchyName":"SEAA (SE Asia - Australia)","G":22,"R":0,"Y":0,"UNKNOWN":0},{"hierarchyName":"South Asia","G":13,"R":0,"Y":0,"UNKNOWN":0}]},{"interval":"201601","geoData":[{"hierarchyName":"Africa","G":24,"R":0,"Y":0,"UNKNOWN":0},{"hierarchyName":"Europe","G":192,"R":0,"Y":2,"UNKNOWN":0},{"hierarchyName":"Global - regional groups","G":49,"R":0,"Y":0,"UNKNOWN":0},{"hierarchyName":"Latin America","G":70,"R":1,"Y":1,"UNKNOWN":0},{"hierarchyName":"NAMET & RUB","G":27,"R":0,"Y":0,"UNKNOWN":0},{"hierarchyName":"North America","G":16,"R":0,"Y":0,"UNKNOWN":0},{"hierarchyName":"North Asia","G":12,"R":0,"Y":0,"UNKNOWN":0},{"hierarchyName":"SEAA (SE Asia - Australia)","G":33,"R":0,"Y":0,"UNKNOWN":0},{"hierarchyName":"South Asia","G":17,"R":0,"Y":0,"UNKNOWN":0}]}]}}