{"errorCode":0,"errorMessage":"","result":{"hierarchyCommentList":[{"commentTime":"2017-05-23 13:14:01.025211","commentContent":"Comment Added","userName":"admin","interval":201612,"factKey":671931,"slaMetricKey":18,"metricGroupName":"HD-04 - Abandon Rate %","metricGroupShortName":"HD-04 - Abandon Rate %","h1_key":2,"h2_key":8,"h3_key":74,"h4_key":2,"h5_key":-1,"fullPath":"Europe > MCO DACH (Germany, Austria, Switzerland) > Switzerland > Helpdesk","status":"Y","trend":"U","attachmentKey":null,"fileName":null,"commentKey":74,"commentUserKey":"20981","commentUserName":"admin","attachmentUserKey":null,"attachmentUserName":null},{"commentTime":"2017-05-23 11:36:50.914826","commentContent":"sdsada","userName":"admin","interval":201612,"factKey":671931,"slaMetricKey":18,"metricGroupName":"HD-04 - Abandon Rate %","metricGroupShortName":"HD-04 - Abandon Rate %","h1_key":2,"h2_key":8,"h3_key":74,"h4_key":2,"h5_key":-1,"fullPath":"Europe > MCO DACH (Germany, Austria, Switzerland) > Switzerland > Helpdesk","status":"Y","trend":"U","attachmentKey":null,"fileName":null,"commentKey":71,"commentUserKey":"20981","commentUserName":"admin","attachmentUserKey":null,"attachmentUserName":null},{"commentTime":"2017-05-23 10:32:51.739715","commentContent":"good","userName":"admin","interval":201612,"factKey":671931,"slaMetricKey":18,"metricGroupName":"HD-04 - Abandon Rate %","metricGroupShortName":"HD-04 - Abandon Rate %","h1_key":2,"h2_key":8,"h3_key":74,"h4_key":2,"h5_key":-1,"fullPath":"Europe > MCO DACH (Germany, Austria, Switzerland) > Switzerland > Helpdesk","status":"Y","trend":"U","attachmentKey":null,"fileName":null,"commentKey":70,"commentUserKey":"20981","commentUserName":"admin","attachmentUserKey":null,"attachmentUserName":null},{"commentTime":"2017-05-23 10:32:22.702562","commentContent":"asdad","userName":"admin","interval":201612,"factKey":671931,"slaMetricKey":18,"metricGroupName":"HD-04 - Abandon Rate %","metricGroupShortName":"HD-04 - Abandon Rate %","h1_key":2,"h2_key":8,"h3_key":74,"h4_key":2,"h5_key":-1,"fullPath":"Europe > MCO DACH (Germany, Austria, Switzerland) > Switzerland > Helpdesk","status":"Y","trend":"U","attachmentKey":null,"fileName":null,"commentKey":69,"commentUserKey":"20981","commentUserName":"admin","attachmentUserKey":null,"attachmentUserName":null},{"commentTime":"2017-05-22 12:08:09.545678","commentContent":"test","userName":"admin","interval":201612,"factKey":671931,"slaMetricKey":18,"metricGroupName":"HD-04 - Abandon Rate %","metricGroupShortName":"HD-04 - Abandon Rate %","h1_key":2,"h2_key":8,"h3_key":74,"h4_key":2,"h5_key":-1,"fullPath":"Europe > MCO DACH (Germany, Austria, Switzerland) > Switzerland > Helpdesk","status":"Y","trend":"U","attachmentKey":null,"fileName":null,"commentKey":68,"commentUserKey":"20981","commentUserName":"admin","attachmentUserKey":null,"attachmentUserName":null},{"commentTime":"2017-05-12 22:11:00.089567","commentContent":"b42","userName":"admin","interval":201612,"factKey":671931,"slaMetricKey":18,"metricGroupName":"HD-04 - Abandon Rate %","metricGroupShortName":"HD-04 - Abandon Rate %","h1_key":2,"h2_key":8,"h3_key":74,"h4_key":2,"h5_key":-1,"fullPath":"Europe > MCO DACH (Germany, Austria, Switzerland) > Switzerland > Helpdesk","status":"Y","trend":"U","attachmentKey":null,"fileName":null,"commentKey":67,"commentUserKey":"20981","commentUserName":"admin","attachmentUserKey":null,"attachmentUserName":null},{"commentTime":"2017-05-12 22:10:30.480048","commentContent":"b4","userName":"admin","interval":201612,"factKey":671931,"slaMetricKey":18,"metricGroupName":"HD-04 - Abandon Rate %","metricGroupShortName":"HD-04 - Abandon Rate %","h1_key":2,"h2_key":8,"h3_key":74,"h4_key":2,"h5_key":-1,"fullPath":"Europe > MCO DACH (Germany, Austria, Switzerland) > Switzerland > Helpdesk","status":"Y","trend":"U","attachmentKey":null,"fileName":null,"commentKey":66,"commentUserKey":"20981","commentUserName":"admin","attachmentUserKey":null,"attachmentUserName":null},{"commentTime":"2017-05-12 22:09:13.959015","commentContent":"comment with attachment after text is added","userName":"admin","interval":201612,"factKey":671931,"slaMetricKey":18,"metricGroupName":"HD-04 - Abandon Rate %","metricGroupShortName":"HD-04 - Abandon Rate %","h1_key":2,"h2_key":8,"h3_key":74,"h4_key":2,"h5_key":-1,"fullPath":"Europe > MCO DACH (Germany, Austria, Switzerland) > Switzerland > Helpdesk","status":"Y","trend":"U","attachmentKey":"23","fileName":"test.txt","commentKey":65,"commentUserKey":"20981","commentUserName":"admin","attachmentUserKey":"20981","attachmentUserName":"admin"},{"commentTime":"2017-05-12 22:07:36.485136","commentContent":"good kpi","userName":"admin","interval":201612,"factKey":671931,"slaMetricKey":18,"metricGroupName":"HD-04 - Abandon Rate %","metricGroupShortName":"HD-04 - Abandon Rate %","h1_key":2,"h2_key":8,"h3_key":74,"h4_key":2,"h5_key":-1,"fullPath":"Europe > MCO DACH (Germany, Austria, Switzerland) > Switzerland > Helpdesk","status":"Y","trend":"U","attachmentKey":null,"fileName":null,"commentKey":64,"commentUserKey":"20981","commentUserName":"admin","attachmentUserKey":null,"attachmentUserName":null},{"commentTime":"2017-04-19 16:07:47.341723","commentContent":"test_comment2","userName":"admin","interval":201612,"factKey":659444,"slaMetricKey":17,"metricGroupName":"HD-03 - Speed to answer","metricGroupShortName":"HD-03 - Speed to answer","h1_key":1,"h2_key":9,"h3_key":42,"h4_key":2,"h5_key":-1,"fullPath":"Africa > MCO ESA > Kenya > Helpdesk","status":"G","trend":"U","attachmentKey":"8","fileName":"test_text.txt","commentKey":47,"commentUserKey":"20981","commentUserName":"admin","attachmentUserKey":"20981","attachmentUserName":"admin"},{"commentTime":"2017-04-19 15:54:42.898452","commentContent":"testcomment","userName":"admin","interval":201612,"factKey":659444,"slaMetricKey":17,"metricGroupName":"HD-03 - Speed to answer","metricGroupShortName":"HD-03 - Speed to answer","h1_key":1,"h2_key":9,"h3_key":42,"h4_key":2,"h5_key":-1,"fullPath":"Africa > MCO ESA > Kenya > Helpdesk","status":"G","trend":"U","attachmentKey":"6","fileName":"test_text.txt","commentKey":46,"commentUserKey":"20981","commentUserName":"admin","attachmentUserKey":"20981","attachmentUserName":"admin"},{"commentTime":"2017-04-18 15:44:34.601581","commentContent":"This is a test comment","userName":"admin","interval":201612,"factKey":659444,"slaMetricKey":17,"metricGroupName":"HD-03 - Speed to answer","metricGroupShortName":"HD-03 - Speed to answer","h1_key":1,"h2_key":9,"h3_key":42,"h4_key":2,"h5_key":-1,"fullPath":"Africa > MCO ESA > Kenya > Helpdesk","status":"G","trend":"U","attachmentKey":"4|5","fileName":"$3DA5584C6F9866E0.jpg|test.jpg","commentKey":45,"commentUserKey":"20981","commentUserName":"admin","attachmentUserKey":"20981|20981","attachmentUserName":"admin|admin"},{"commentTime":"2017-04-18 15:44:02.320559","commentContent":"rteetetetre","userName":"admin","interval":201612,"factKey":659444,"slaMetricKey":17,"metricGroupName":"HD-03 - Speed to answer","metricGroupShortName":"HD-03 - Speed to answer","h1_key":1,"h2_key":9,"h3_key":42,"h4_key":2,"h5_key":-1,"fullPath":"Africa > MCO ESA > Kenya > Helpdesk","status":"G","trend":"U","attachmentKey":"3","fileName":"$3DA5584C6F9866E0.jpg","commentKey":44,"commentUserKey":"20981","commentUserName":"admin","attachmentUserKey":"20981","attachmentUserName":"admin"},{"commentTime":"2017-04-18 08:20:14.40952","commentContent":"test","userName":"admin","interval":201612,"factKey":659444,"slaMetricKey":17,"metricGroupName":"HD-03 - Speed to answer","metricGroupShortName":"HD-03 - Speed to answer","h1_key":1,"h2_key":9,"h3_key":42,"h4_key":2,"h5_key":-1,"fullPath":"Africa > MCO ESA > Kenya > Helpdesk","status":"G","trend":"U","attachmentKey":"2","fileName":"ssss (1).txt","commentKey":43,"commentUserKey":"20981","commentUserName":"admin","attachmentUserKey":"20981","attachmentUserName":"admin"},{"commentTime":"2017-04-18 08:16:50.212633","commentContent":"attachment","userName":"admin","interval":201612,"factKey":659444,"slaMetricKey":17,"metricGroupName":"HD-03 - Speed to answer","metricGroupShortName":"HD-03 - Speed to answer","h1_key":1,"h2_key":9,"h3_key":42,"h4_key":2,"h5_key":-1,"fullPath":"Africa > MCO ESA > Kenya > Helpdesk","status":"G","trend":"U","attachmentKey":null,"fileName":null,"commentKey":42,"commentUserKey":"20981","commentUserName":"admin","attachmentUserKey":null,"attachmentUserName":null},{"commentTime":"2017-04-18 08:15:49.392746","commentContent":"dssd","userName":"admin","interval":201612,"factKey":659444,"slaMetricKey":17,"metricGroupName":"HD-03 - Speed to answer","metricGroupShortName":"HD-03 - Speed to answer","h1_key":1,"h2_key":9,"h3_key":42,"h4_key":2,"h5_key":-1,"fullPath":"Africa > MCO ESA > Kenya > Helpdesk","status":"G","trend":"U","attachmentKey":null,"fileName":null,"commentKey":41,"commentUserKey":"20981","commentUserName":"admin","attachmentUserKey":null,"attachmentUserName":null},{"commentTime":"2017-04-03 12:57:44.600546","commentContent":"Dec2","userName":"mobile@mobile.com","interval":201612,"factKey":655559,"slaMetricKey":20,"metricGroupName":"KPI-8 -  CSB TAT for IBM action","metricGroupShortName":"KPI-8 -  CSB TAT for IBM action","h1_key":2,"h2_key":3,"h3_key":7,"h4_key":1,"h5_key":-1,"fullPath":"Europe > MCO Benelux > Belgium > Bill to Cash","status":"G","trend":"D","attachmentKey":null,"fileName":null,"commentKey":29,"commentUserKey":"36982","commentUserName":"mobile@mobile.com","attachmentUserKey":null,"attachmentUserName":null},{"commentTime":"2017-04-03 12:57:38.748135","commentContent":"Dec1","userName":"mobile@mobile.com","interval":201612,"factKey":655559,"slaMetricKey":20,"metricGroupName":"KPI-8 -  CSB TAT for IBM action","metricGroupShortName":"KPI-8 -  CSB TAT for IBM action","h1_key":2,"h2_key":3,"h3_key":7,"h4_key":1,"h5_key":-1,"fullPath":"Europe > MCO Benelux > Belgium > Bill to Cash","status":"G","trend":"D","attachmentKey":null,"fileName":null,"commentKey":28,"commentUserKey":"36982","commentUserName":"mobile@mobile.com","attachmentUserKey":null,"attachmentUserName":null},{"commentTime":"2017-03-31 13:16:12.905354","commentContent":"Test","userName":"mobile@mobile.com","interval":201603,"factKey":645173,"slaMetricKey":43,"metricGroupName":"R2R-08 - Bank Acct. Reconcilation Quality and Timeliness","metricGroupShortName":"R2R-08 - Bank Acct. Reconcilation Quality and Timeliness","h1_key":6,"h2_key":21,"h3_key":12,"h4_key":5,"h5_key":-1,"fullPath":"North America > MCO North America > Canada > Record to Report","status":"G","trend":"S","attachmentKey":null,"fileName":null,"commentKey":25,"commentUserKey":"36982","commentUserName":"mobile@mobile.com","attachmentUserKey":null,"attachmentUserName":null},{"commentTime":"2017-03-31 13:16:00.307949","commentContent":"Test","userName":"mobile@mobile.com","interval":201605,"factKey":664680,"slaMetricKey":43,"metricGroupName":"R2R-08 - Bank Acct. Reconcilation Quality and Timeliness","metricGroupShortName":"R2R-08 - Bank Acct. Reconcilation Quality and Timeliness","h1_key":6,"h2_key":21,"h3_key":12,"h4_key":5,"h5_key":-1,"fullPath":"North America > MCO North America > Canada > Record to Report","status":"G","trend":"S","attachmentKey":null,"fileName":null,"commentKey":24,"commentUserKey":"36982","commentUserName":"mobile@mobile.com","attachmentUserKey":null,"attachmentUserName":null},{"commentTime":"2017-03-31 10:26:06.244472","commentContent":"Jun1","userName":"mobile@mobile.com","interval":201606,"factKey":675495,"slaMetricKey":17,"metricGroupName":"HD-03 - Speed to answer","metricGroupShortName":"HD-03 - Speed to answer","h1_key":1,"h2_key":27,"h3_key":70,"h4_key":2,"h5_key":-1,"fullPath":"Africa > MCO South Africa > South Africa > Helpdesk","status":"G","trend":"D","attachmentKey":null,"fileName":null,"commentKey":23,"commentUserKey":"36982","commentUserName":"mobile@mobile.com","attachmentUserKey":null,"attachmentUserName":null},{"commentTime":"2017-03-31 10:25:53.856398","commentContent":"Dec1","userName":"mobile@mobile.com","interval":201612,"factKey":677711,"slaMetricKey":17,"metricGroupName":"HD-03 - Speed to answer","metricGroupShortName":"HD-03 - Speed to answer","h1_key":1,"h2_key":27,"h3_key":70,"h4_key":2,"h5_key":-1,"fullPath":"Africa > MCO South Africa > South Africa > Helpdesk","status":"G","trend":"U","attachmentKey":null,"fileName":null,"commentKey":22,"commentUserKey":"36982","commentUserName":"mobile@mobile.com","attachmentUserKey":null,"attachmentUserName":null},{"commentTime":"2017-03-28 10:19:48.431857","commentContent":"Test","userName":"admin","interval":201612,"factKey":660854,"slaMetricKey":18,"metricGroupName":"HD-04 - Abandon Rate %","metricGroupShortName":"HD-04 - Abandon Rate %","h1_key":2,"h2_key":33,"h3_key":38,"h4_key":2,"h5_key":-1,"fullPath":"Europe > MCO UKI (UK/Ireland) > Ireland > Helpdesk","status":"R","trend":"U","attachmentKey":null,"fileName":null,"commentKey":21,"commentUserKey":"20981","commentUserName":"admin","attachmentUserKey":null,"attachmentUserName":null},{"commentTime":"2017-02-13 08:17:29.493157","commentContent":"wewewewe","userName":"admin","interval":201602,"factKey":645494,"slaMetricKey":58,"metricGroupName":"T&E-01 - Audit Timeliness of Employee Expense Reports New Ver","metricGroupShortName":"T&E-01 - Audit Timeliness of Employee Expense Reports New Ver","h1_key":2,"h2_key":8,"h3_key":4,"h4_key":8,"h5_key":-1,"fullPath":"Europe > MCO DACH (Germany, Austria, Switzerland) > Austria > T&E","status":"G","trend":"S","attachmentKey":null,"fileName":null,"commentKey":8,"commentUserKey":"20981","commentUserName":"admin","attachmentUserKey":null,"attachmentUserName":null},{"commentTime":"2017-01-31 15:06:27.116312","commentContent":"test%20comment","userName":"admin","interval":201603,"factKey":645035,"slaMetricKey":19,"metricGroupName":"KPI-5  Average % cash unallocated","metricGroupShortName":"KPI-5  Average % cash unallocated","h1_key":2,"h2_key":8,"h3_key":4,"h4_key":1,"h5_key":-1,"fullPath":"Europe > MCO DACH (Germany, Austria, Switzerland) > Austria > Bill to Cash","status":"Y","trend":"D","attachmentKey":null,"fileName":null,"commentKey":6,"commentUserKey":"20981","commentUserName":"admin","attachmentUserKey":null,"attachmentUserName":null},{"commentTime":"2017-01-31 15:05:58.603865","commentContent":"test%20comment%20","userName":"admin","interval":201603,"factKey":648410,"slaMetricKey":18,"metricGroupName":"HD-04 - Abandon Rate %","metricGroupShortName":"HD-04 - Abandon Rate %","h1_key":4,"h2_key":16,"h3_key":63,"h4_key":2,"h5_key":-1,"fullPath":"Latin America > MCO Mexico & Caribbean > Puerto Rico > Helpdesk","status":"Y","trend":"U","attachmentKey":null,"fileName":null,"commentKey":5,"commentUserKey":"20981","commentUserName":"admin","attachmentUserKey":null,"attachmentUserName":null},{"commentTime":"2017-01-31 15:05:39.360539","commentContent":"test%20%2520","userName":"admin","interval":201603,"factKey":648410,"slaMetricKey":18,"metricGroupName":"HD-04 - Abandon Rate %","metricGroupShortName":"HD-04 - Abandon Rate %","h1_key":4,"h2_key":16,"h3_key":63,"h4_key":2,"h5_key":-1,"fullPath":"Latin America > MCO Mexico & Caribbean > Puerto Rico > Helpdesk","status":"Y","trend":"U","attachmentKey":null,"fileName":null,"commentKey":4,"commentUserKey":"20981","commentUserName":"admin","attachmentUserKey":null,"attachmentUserName":null}]}}